{
  "project_info": {
    "project_number": "83034825359",
    "firebase_url": "https://proyecto-final-d4d04.firebaseio.com",
    "project_id": "proyecto-final-d4d04",
    "storage_bucket": "proyecto-final-d4d04.appspot.com"
  },
  "client": [
    {
      "client_info": {
        "mobilesdk_app_id": "1:83034825359:android:6e6f26dc9ab95fb3e086fa",
        "android_client_info": {
          "package_name": "com.example.proyectofinal"
        }
      },
      "oauth_client": [
        {
          "client_id": "83034825359-161ru65jk59mf0e3n6aqmgps4q7f63kv.apps.googleusercontent.com",
          "client_type": 1,
          "android_info": {
            "package_name": "com.example.proyectofinal",
            "certificate_hash": "727b4c2e5b3e7606a7766dbd3add3e2b05e6b8ed"
          }
        },
        {
          "client_id": "83034825359-e4b5dchv2dplq0odiu5m612tmod3apuk.apps.googleusercontent.com",
          "client_type": 3
        }
      ],
      "api_key": [
        {
          "current_key": "AIzaSyBP7Qy9UgEOn8WwlwVT8jPar2boexFlTvw"
        }
      ],
      "services": {
        "appinvite_service": {
          "other_platform_oauth_client": [
            {
              "client_id": "83034825359-e4b5dchv2dplq0odiu5m612tmod3apuk.apps.googleusercontent.com",
              "client_type": 3
            }
          ]
        }
      }
    }
  ],
  "configuration_version": "1"
}